,TOTAL_POP,NH_WHITE,NH_BLACK,NH_NATIVE,NH_ASIAN,NH_HAWAIIAN,NH_OTHER_RACE,NH_TWO_OR_MORE,NH_HISPANIC_LATINO,US_BORN,NATURALIZED,NON_CITIZEN,ZCTA,TOTAL_HOUSING,OWNER_OCCUPIED,RENTER_OCCUPIED,AGE_55_59,AGE_60_64,AGE_65_74,AGE_75_84,AGE_85+,MALE,FEMALE,ED_POP_25+,LESS_THAN_9TH,LESS_THAN_HS,HS_OR_GED,SOME_COLLEGE,ASSOCIATES,BACHELORS,GRAD_OR_PROFESSIONAL,HEALTH_COVERAGE_POP,INSURED,UNINSURED,MEDIAN_INCOME,LABOR_FORCE_POP_16+,EMPLOYED,UNEMPLOYED,BUSINESS,SERVICE,SALES_OFFICE,CONSTRUCTION_MAINTENANCE,PRODUCTION_TRANSPORTATION,LANGUAGE_POP_5+,ENGLISH_ONLY,OTHER_LANGUAGE,OTHER_LANGUAGE_POOR_ENGLISH,MEDIAN_INCOME_2,2_ppl_fam,3_to_4_ppl_fam,5_to_6_ppl_fam,GT_7_ppl_fam,avg_ppl_per_household
0,36492,26794,1345,88,1819,6,195,1048,5197,25947,5009,4375,11222,17256,3091,14165,1926,1602,2155,1118,515,18000,18492,30177,1327,1360,4608,3872,1282,11797,5931,36492,33313,3179,85111,24761,23566,1195,14540,3084,3707,1195,1040,1144,22761,11949,4895,85111,3788,2635,454,60,2.1
1,76819,5320,56546,61,1258,0,86,1272,12276,56583,11243,7394,11233,29345,6657,22688,3879,3800,4841,2717,908,35096,41723,49821,4214,5967,15972,7355,3803,8449,4061,76640,70028,6612,40449,35722,33503,2219,11760,9813,6702,1844,3384,1901,56493,14124,4592,40449,7353,7824,1927,425,2.57
2,78128,56160,1812,184,11260,0,329,1892,6491,27074,34442,15175,11235,32269,12770,19499,5295,5325,8981,5993,3389,37432,40696,59442,4344,3216,13140,5818,4521,16573,11830,77407,70320,7087,52538,37785,35557,2228,14862,7810,6404,2676,3805,1719,18673,54934,37139,52538,9033,8432,2023,307,2.38
3,20801,5834,1278,11,9179,0,84,477,3938,11700,6087,2684,11426,6356,4832,1524,1565,1325,2256,560,387,10388,10413,14569,616,972,4391,2070,1019,3192,2309,20753,19535,1218,88803,10966,10485,481,4152,1765,2313,752,1503,935,8309,10879,4261,88803,1500,2243,779,253,3.26
4,24037,4762,4737,121,7481,0,1116,1144,4676,11917,8508,2773,11427,7500,4499,3001,1859,1899,2147,1109,637,11886,12151,17320,1206,1440,4651,3045,1407,3395,2176,23427,21796,1631,74581,11836,11220,616,4368,2049,2590,779,1434,897,10269,11761,5064,74581,1955,2550,1033,88,3.08
5,522,295,153,0,29,0,0,8,37,359,127,15,11042,0,0,0,0,0,59,187,276,232,290,522,69,92,210,30,16,30,75,0,0,0,-666666666,0,0,0,0,0,0,0,0,151,419,103,51,-666666666,0,0,0,0,-666666666.0
6,30043,9746,4350,0,6773,41,316,909,7908,18513,5366,5382,11101,13169,2230,10939,1374,1492,1470,792,243,15297,14746,22131,1484,1314,5325,2252,1129,6342,4285,29689,27959,1730,65392,17739,16416,1323,8458,3030,3150,548,1230,1315,15114,12904,6109,65392,3657,2572,482,60,2.24
7,46064,19470,13586,127,3138,8,448,1134,8153,35450,4105,4982,11205,16294,3925,12369,1869,1845,2247,891,300,21340,24724,27491,1998,2698,5523,3676,1195,7130,5271,45890,43206,2684,56708,23338,21369,1969,10380,3934,4488,666,1901,1281,24607,17154,6838,56708,3051,3295,1201,734,2.67
8,70156,46961,2636,53,5531,0,563,2984,11428,55108,5952,6107,11215,28635,11611,17024,3396,2913,4427,2141,723,33597,36559,52178,1776,1689,4313,3503,1528,18903,20466,70040,67480,2560,123583,43071,41371,1700,30821,3181,5241,757,1371,1442,49118,15320,3889,123583,6772,8554,1067,45,2.43
9,90036,55723,815,101,22002,0,83,399,10913,56119,15631,15275,11219,24430,6687,17743,3813,3948,5879,2688,2060,44986,45050,49091,8243,8437,16046,4960,1982,5918,3505,89553,83442,6111,39295,35258,33221,2037,9872,7921,9396,2294,3738,2362,16721,61711,32515,39295,5489,6903,3780,2920,3.64
10,100277,12161,65421,159,2878,0,393,2120,17145,53778,26205,18521,11226,36733,4564,32169,5286,5904,7065,3623,1235,45123,55154,68636,5127,5819,22955,11489,3772,12809,6665,100066,88953,11113,52052,52670,48883,3787,16722,15386,9007,3225,4543,2412,58921,34515,15066,52052,8751,9422,3378,692,2.71
11,44994,22126,396,93,15917,31,62,531,5838,24980,12056,6940,11228,15306,8443,6863,3238,3003,3875,2626,1324,22024,22970,32221,4022,2722,8858,3382,2429,6935,3873,44825,42093,2732,67911,22002,20576,1426,8161,3926,4815,1423,2251,1350,16724,25424,13338,67911,3961,5477,1646,430,2.93
12,100331,4333,84496,85,2679,0,426,1146,7166,51880,34339,11464,11236,33282,16228,17054,7202,6768,8564,3512,1530,43752,56579,68092,4266,4721,20844,12768,6616,12410,6467,99734,91921,7813,67669,51896,48809,3087,16397,13445,10163,3511,5293,2124,70948,22809,8925,67669,8507,11703,3267,921,2.97
13,49310,9791,3718,151,3557,4,204,833,31052,28117,6685,11466,11237,16740,1668,15072,1944,1505,2021,948,347,25382,23928,32689,5095,4522,7792,3969,1424,7196,2691,49310,40355,8955,51413,28264,26374,1890,9116,6569,4616,2866,3207,1672,16327,30145,13613,51413,2838,4307,1369,397,2.86
14,55200,9060,1670,54,34571,7,307,728,8803,17930,16894,19601,11354,20112,7781,12331,4665,3497,5465,3606,2123,25033,30167,42977,5320,6102,12686,5438,4601,5776,3054,53423,43027,10396,42500,26345,25230,1115,6808,8264,6339,1552,2267,2115,10852,41582,33213,42500,5656,6635,1103,150,2.65
15,23362,6189,355,0,6771,49,73,508,9417,12246,5528,5347,11356,7453,3298,4155,1409,1481,1588,1130,318,11624,11738,16190,1848,1777,5263,2257,1952,2059,1034,23306,20450,2856,60493,11214,10808,406,2790,2713,2716,1210,1379,1159,6481,15032,10935,60493,1728,2989,787,142,3.13
16,19621,10832,149,25,6357,0,19,321,1918,12282,5051,2074,11360,8583,6139,2444,1428,1396,2411,1808,1071,9073,10548,15371,607,494,2684,2253,1094,4591,3648,19616,18837,779,86174,9370,8998,372,4605,1171,2191,540,491,831,9144,9209,4349,86174,2846,2197,291,50,2.28
17,18721,8289,150,0,8098,0,42,483,1659,10753,5850,1827,11362,7151,5704,1447,1541,1322,2471,1278,1086,8786,9935,14534,832,626,3189,2387,1192,3413,2895,18604,17674,930,89185,9267,8874,393,4395,1267,2142,476,594,961,8181,9578,5088,89185,2281,2271,400,46,2.58
18,14650,5707,713,0,6615,0,0,317,1298,7210,5224,2037,11366,4633,3269,1364,1018,1113,1423,732,346,6977,7673,10149,544,681,2188,1302,923,2752,1759,14513,13766,747,78990,7295,6681,614,2932,1279,1635,391,444,905,4795,8964,4189,78990,1330,1721,465,159,3.12
19,32514,8236,4484,25,7138,0,61,417,12153,17078,8928,5507,11370,7993,4082,3911,1997,1492,2162,1273,631,19284,13230,23520,2629,3795,7856,2650,1375,3325,1890,25419,23469,1950,65098,12984,12290,694,3707,3050,2809,1065,1659,1692,10985,19938,10312,65098,1855,2890,951,207,3.17
20,42653,18568,1657,0,13580,0,108,1793,6947,16673,16680,8577,11374,19416,7524,11892,3884,2927,4985,2688,1323,19585,23068,33846,1906,1425,6669,4067,2726,9996,7057,42643,39346,3297,63161,23181,22156,1025,10619,4126,4475,894,2042,1463,12085,28230,13266,63161,5356,4482,689,70,2.19
21,37851,25050,324,0,4152,0,135,569,7621,23863,9046,4126,11379,13504,8218,5286,2845,2341,3334,2409,915,17886,19965,28002,1889,1670,8279,4582,2260,5837,3485,37479,35074,2405,82819,19834,18800,1034,7721,3309,4506,1513,1751,1288,18375,17552,6837,82819,3962,4309,1096,139,2.78
22,49618,2136,7812,388,15990,19,11448,2467,9358,17133,20254,11128,11419,12479,7351,5128,3594,3003,3515,1737,455,24983,24635,34031,6011,3643,10983,4714,1907,5032,1741,49591,43988,5603,70882,26497,24072,2425,5409,5778,5906,3275,3704,1639,28299,18229,7664,70882,2262,5511,2255,726,3.97
23,32082,1053,26471,110,638,0,282,458,3070,17709,9695,3934,11422,9653,6399,3254,2445,2137,2487,1291,380,14880,17202,22555,898,1772,6260,5354,2086,3705,2480,32040,29994,2046,89235,17660,16701,959,5758,4097,3940,1129,1777,1540,22573,7561,2584,89235,2396,3612,1339,180,3.32
24,18929,2095,3834,28,4805,20,1507,1845,4795,8984,7582,1821,11428,5558,3832,1726,1351,1241,2023,654,193,9208,9721,13594,1080,1111,5077,2423,1331,1736,836,18922,17686,1236,73699,9784,9222,562,2546,2012,2341,1035,1288,801,9791,8204,4014,73699,1275,2363,945,99,3.4
25,36489,600,22628,6,3195,9,2483,675,6893,20879,8015,6489,11433,10519,4676,5843,2351,2147,2711,1177,581,16723,19766,23940,2727,2892,8296,4328,1829,2702,1166,36458,32376,4082,51521,18264,15739,2525,3316,5316,3822,995,2290,1561,24728,9507,5429,51521,2100,3695,1462,439,3.46
26,15234,5090,1003,64,6529,42,9,581,1916,9152,4783,1147,11004,5178,3674,1504,1112,1520,1336,980,666,7144,8090,11492,506,452,3160,1460,1034,2937,1943,14344,13870,474,92657,7719,7357,362,3283,830,2034,316,894,896,7391,6758,2162,92657,1301,1675,338,139,2.77
27,1749,1701,0,0,0,0,0,23,25,1577,159,0,11005,1271,1176,95,5,82,393,523,619,604,1145,1749,12,19,404,489,33,354,438,1749,1749,0,62993,314,314,0,146,35,102,31,0,353,1601,148,16,62993,390,0,0,0,1.38
28,88349,29534,18491,179,5966,33,87,1262,32797,62989,10490,8474,11206,31042,3274,27768,4112,3215,5222,3095,762,42822,45527,53392,7146,6807,14476,8069,2384,10947,3563,88181,81229,6952,36404,40993,37136,3857,14304,9043,8878,1398,3513,1861,36036,44730,17747,36404,6978,7089,2190,1480,2.83
29,6952,3531,112,0,2264,0,14,117,914,4556,1638,630,11363,2661,2008,653,681,399,797,481,221,3341,3611,5281,97,111,1154,675,360,1581,1303,6952,6705,247,104792,3651,3488,163,1980,284,827,219,178,389,3372,3241,1290,104792,885,891,178,9,2.61
30,102624,65618,3822,185,5679,8,287,2070,24955,76421,11187,10354,11211,39384,6484,32900,3728,3923,4742,2630,1444,51067,51557,68586,5681,6220,12702,7523,2428,22457,11575,102410,96139,6271,71225,55433,52701,2732,30350,7315,11265,1316,2455,2329,41341,51331,19429,71225,9767,7156,2221,1946,2.59
31,61844,11022,1465,40,12490,86,126,1015,35600,23830,13863,22245,11372,23814,7543,16271,3818,3355,5857,2652,1131,30769,31075,47200,6251,4484,13739,5192,3605,8640,5289,61558,53465,8093,56383,34288,32666,1622,9948,9931,5877,2253,4657,2256,12640,45781,26458,56383,5859,6842,1268,164,2.58
32,41407,21072,7745,3,3119,10,248,1539,7671,32463,3570,3595,11217,17447,5217,12230,1775,2067,2641,1228,458,19458,21949,31566,1538,2001,3234,2718,1082,10482,10511,40880,39054,1826,107362,24618,23164,1454,16490,2320,3049,501,804,1605,28477,9942,2707,107362,3826,3904,617,166,2.33
33,5981,3719,248,0,1500,0,34,147,333,3562,891,1377,11109,2954,291,2663,214,118,99,0,0,2895,3086,4882,0,40,344,284,132,1964,2118,5981,5509,472,148590,4434,4272,162,3230,126,819,78,19,781,2980,2432,766,148590,897,479,80,0,2.02
34,62823,36991,7900,32,7408,58,169,2998,7267,48425,6181,6223,11201,28067,10403,17664,2709,2945,3930,2158,1114,30042,32781,47602,1230,1348,4657,3779,1312,16981,18295,61982,58607,3375,124996,38014,35976,2038,26792,2582,5492,400,710,1144,44199,14308,3947,124996,6813,5657,553,70,2.06
35,37845,21942,4606,30,2012,268,488,1452,7047,29738,3680,2703,11231,15702,4919,10783,2140,1652,2420,1240,365,17577,20268,27198,1416,1788,3468,2747,673,8545,8561,37845,35972,1873,100213,21859,20101,1758,13873,1943,3244,395,646,1115,25680,8937,2708,100213,4354,4220,667,134,2.41
36,31927,6244,1844,0,9131,5,1402,999,12302,16277,9296,5025,11417,9060,5451,3609,2354,1746,2577,959,441,15311,16616,21598,2338,2474,6163,3793,1479,3712,1639,31924,29372,2552,73424,16209,15023,1186,4179,3571,3789,1480,2004,1151,13572,16462,6307,73424,2005,3646,1555,248,3.52
37,5728,2277,590,15,2404,0,0,82,360,3486,1470,687,11020,1883,1536,347,424,419,527,411,123,2997,2731,3960,101,75,721,516,203,1286,1058,5728,5577,151,135938,2883,2748,135,1526,374,587,87,174,481,2893,2714,1119,135938,529,837,194,34,3.04
38,75451,2881,65073,101,1339,0,155,1056,4846,35402,27301,11509,11203,27761,11278,16483,5327,4458,7359,4572,1620,33245,42206,52931,3333,3795,19070,10117,4194,8334,4088,74280,68322,5958,51277,37312,34893,2419,10734,10840,7064,2881,3374,1808,57033,14190,5416,51277,7808,8070,2172,427,2.66
39,98660,2388,48148,17,5621,2,681,1047,40756,56045,21615,16461,11208,32181,8377,23804,5823,5147,5692,2287,955,45869,52791,61661,6499,5261,29210,8307,3295,6539,2550,98534,92091,6443,40733,42742,39810,2932,8832,12417,8699,3599,6263,2035,45024,45069,14419,40733,6561,10889,4398,923,3.05
40,67040,19773,38113,23,2828,0,626,961,4716,39021,16912,9810,11210,22267,9906,12361,4453,3826,5590,2355,947,30595,36445,42951,2273,2479,11681,8257,2980,8873,6408,67004,62674,4330,65900,32960,30843,2117,12443,7874,5966,1762,2798,1599,41802,20497,7722,65900,5641,6575,2774,950,3.0
41,76527,907,59207,116,974,30,326,701,14266,47866,15472,10954,11212,31454,4649,26805,4856,4464,5984,3070,1187,32439,44088,53004,4587,7256,19044,9883,4476,5545,2213,75880,68691,7189,26239,32843,27668,5175,6283,11003,5793,1791,2798,2494,56396,15032,6688,26239,6998,6685,1929,215,2.23
42,83835,13793,36355,163,2815,3,403,1522,28781,59528,9743,10012,11221,30871,6646,24225,4604,3364,5212,2586,878,40147,43688,56361,5307,6628,14308,9096,3380,11839,5803,83552,74102,9450,50153,45909,41283,4626,16042,9512,9226,2591,3912,2281,50139,28190,12371,50153,6530,6928,2483,549,2.68
43,13244,2487,7778,115,284,0,0,73,2507,8387,3371,547,11239,6764,215,6549,698,775,1889,1290,659,5406,7838,9618,919,1219,3368,1589,672,1163,688,13222,12742,480,27104,5317,4887,430,1422,1633,1076,144,612,710,7705,4891,2876,27104,2087,966,296,38,1.95
44,27246,11384,982,0,11051,0,28,291,3510,15517,7326,4024,11361,10026,5750,4276,1902,1846,2919,1460,870,13337,13909,20576,1399,1232,4350,3168,1859,5057,3511,26848,24957,1891,85887,14607,13967,640,6422,2406,3285,958,896,749,11289,14747,7500,85887,2849,3151,760,109,2.67
45,74554,1052,21964,89,682,27,358,752,49630,40388,12160,17630,10457,24634,1438,23196,3989,2846,4220,1987,547,35086,39468,43627,7606,7912,12158,7683,2722,3717,1829,74197,66040,8157,27420,31783,27939,3844,4791,11166,5765,1884,4333,1973,20045,47354,22334,27420,4987,7759,2619,719,2.9
46,4434,2966,83,0,245,0,23,0,1117,3692,406,128,10464,1893,1248,645,163,338,608,233,156,2162,2272,3399,108,161,863,418,400,781,668,4434,4201,233,93365,2564,2411,153,1157,399,626,142,87,552,3156,1058,274,93365,510,476,57,15,2.33
47,68796,1795,16343,234,4483,0,562,976,44403,34830,11347,16846,10472,21887,3122,18765,3255,3274,4280,2529,854,33428,35368,42234,8900,6967,11333,6961,2865,3856,1352,68575,59061,9514,30977,29623,26346,3277,4471,9291,5988,3194,3402,1610,20611,42781,21174,30977,4978,7295,2267,708,3.11
48,33531,28515,193,164,1206,0,119,227,3107,27923,4118,1118,10309,11464,9841,1623,2544,2132,3245,1510,443,16842,16689,23537,903,1147,7348,4460,1774,5129,2776,33502,32659,843,103175,16602,16124,478,7115,2239,3930,1569,1271,1412,24374,7048,2184,103175,3104,4555,1443,123,2.91
49,103732,9736,31584,271,5916,0,607,1332,54286,56643,18436,20402,10467,36732,5011,31721,5618,5947,6487,3450,1423,49745,53987,67420,9160,8434,20642,11205,5029,8921,4029,102470,92373,10097,37015,49950,43702,6248,10649,14266,9977,3938,4872,2389,38389,56818,26338,37015,9027,10060,3552,912,2.78
50,94218,1133,32331,791,783,0,378,831,57971,54047,14872,18382,10456,30774,1756,29018,5857,4457,5343,2341,818,43844,50374,56252,10429,9547,15028,10523,3527,5566,1632,93083,83525,9558,27106,39885,34566,5319,6247,14674,6500,1864,5281,2359,28544,58438,27491,27106,7218,9706,3317,946,2.98
51,28109,22684,575,29,2633,0,23,316,1849,21380,3045,3306,10065,14844,5365,9479,1460,1522,2874,2113,1055,12248,15861,22402,128,180,1404,1847,434,8643,9766,28043,27299,744,127375,17110,16657,453,12153,907,3376,87,134,1542,19681,6778,1406,127375,3797,2267,275,13,1.87
52,21556,16362,677,91,1047,0,0,309,3070,15636,3315,2372,10075,11035,4933,6102,1118,1131,2837,1739,1251,10096,11460,16986,73,267,1369,1094,1136,6571,6476,21155,20715,440,137146,12564,12451,113,8503,780,2743,153,272,2129,13727,6788,1349,137146,3133,1765,236,0,1.9
53,78647,2323,12763,443,2224,0,658,648,59588,37122,16220,20384,10468,26338,2000,24338,4669,2964,4673,2220,919,37011,41636,49291,8252,7227,14421,8811,3122,5264,2194,78055,68422,9633,36046,39270,35074,4196,6261,14533,7057,2405,4818,1868,15245,55829,27518,36046,6331,8675,2565,559,2.93
54,37817,3050,26758,132,536,0,479,210,6652,24574,6263,5933,10550,13410,3065,10345,2504,1826,2636,1282,670,17482,20335,24934,1932,2909,8296,4975,1965,2984,1873,37590,33786,3804,47955,19814,17874,1940,4648,5249,4386,1641,1950,1122,26448,8248,3340,47955,3384,3788,991,295,2.79
55,22924,12182,1289,36,5731,20,111,309,3246,14647,3887,3527,10001,12431,3253,9178,1153,1425,1593,1348,459,11671,11253,17985,763,720,2219,1462,588,6810,5423,22924,21936,988,88526,15044,14360,684,9281,1492,2942,93,552,1187,14377,8075,3022,88526,2360,1156,322,0,1.76
56,35743,3638,13227,52,1583,36,459,813,15935,24335,3615,5580,10035,14428,1191,13237,2342,1733,2454,1295,772,17697,18046,25962,3342,4429,5872,3696,1424,4343,2856,34916,31003,3913,30081,15055,13896,1159,4706,3684,3694,481,1331,1557,17520,15962,6188,30081,3085,2980,691,107,2.27
57,54682,38521,2961,56,7366,55,143,1074,4506,42615,4076,6790,10003,26124,8605,17519,2683,2820,3440,2134,859,27503,27179,38236,849,637,2279,2634,1178,16227,14432,54550,52419,2131,112131,34340,32394,1946,23056,2601,6117,200,420,1679,41502,11413,2676,112131,5253,2619,74,0,1.7
58,57925,29677,4936,38,7428,0,44,1455,14347,40706,6853,6214,10009,29728,1882,27846,3503,3367,5333,2161,1343,26519,31406,45242,2802,2519,6425,4812,1776,17032,9876,57904,54657,3247,61548,33416,32075,1341,19982,4347,6222,506,1018,1746,36866,19596,7259,61548,5993,4145,250,88,1.93
59,50472,36075,2382,0,4627,5,229,1450,5704,37277,5582,6407,10011,29128,10947,18181,3968,3548,4570,2603,993,26058,24414,42426,967,900,2442,3343,1345,17417,16012,50222,48360,1862,128613,34875,33579,1296,24061,2206,6391,306,615,1893,37800,11126,2614,128613,5719,2540,403,0,1.68
60,31125,24521,373,62,3801,0,52,630,1686,24871,3416,2471,10022,18049,9454,8595,1946,2113,4474,3051,1356,14113,17012,27042,357,161,1265,2030,811,10674,11744,31093,30671,422,135363,20289,19791,498,14780,1115,3573,128,195,1542,24053,5979,980,135363,4695,1761,178,0,1.69
61,47793,38688,392,10,4506,0,0,664,3533,37114,4504,5096,10028,25318,8723,16595,2837,2609,4807,2814,1252,20516,27277,39507,471,266,1879,2548,1477,16512,16354,47778,46316,1462,125140,31629,30805,824,22651,1888,6015,34,217,1966,34954,10899,1500,125140,5644,3719,601,0,1.88
62,11682,4448,1296,0,3958,0,3,424,1553,5139,1550,4400,10044,4748,936,3812,699,735,1080,727,431,5498,6184,9498,515,372,1618,672,358,2353,3610,10109,9446,663,100441,5693,5339,354,3849,275,905,110,200,790,4868,6256,2015,100441,1433,753,225,0,2.13
63,1584,1457,0,0,72,0,0,55,0,1311,55,98,10162,741,0,741,94,45,148,135,51,679,905,1098,0,51,0,42,45,462,498,1584,1491,93,188880,862,862,0,726,41,95,0,0,391,1066,191,0,188880,176,262,0,0,2.14
64,59505,1539,15043,0,888,69,285,322,41359,33438,9310,10610,10460,20443,2155,18288,3343,2828,4112,1890,610,27647,31858,37276,6661,7032,10079,6981,2054,3440,1029,59482,53947,5535,26866,27121,23220,3901,3884,9576,4791,1764,3205,1740,18470,36191,14047,26866,4887,6719,2105,227,2.85
65,5593,3745,45,0,1163,0,13,203,424,3972,595,950,10282,2231,192,2039,122,132,192,0,138,2707,2886,3810,72,13,192,206,133,1728,1466,5593,5517,76,250001,2989,2895,94,2175,131,589,0,0,478,3467,1192,293,250001,470,765,137,0,2.51
66,38733,16456,8200,23,2320,0,109,2034,9591,29240,4628,3587,10301,14489,6587,7902,2596,2580,3335,1679,752,18449,20284,25914,1605,1995,6689,4126,1849,5154,4496,37772,35380,2392,55802,17515,16648,867,7092,3762,3444,1140,1210,1174,25861,10426,3812,55802,3726,3820,1100,319,2.52
67,15232,13293,56,19,418,0,0,47,1399,13474,1147,479,10307,5314,4038,1276,871,867,996,548,189,7448,7784,10168,183,528,2885,1676,1088,2359,1449,15211,14547,664,80893,6947,6584,363,3033,770,1582,668,531,748,12250,2341,612,80893,1153,2072,679,31,2.86
68,44205,18898,3915,43,1254,7,287,233,19568,34083,4435,2361,10465,15994,9004,6990,3145,3126,3788,2401,1491,21403,22802,31019,2591,2098,9415,5780,2976,4609,3550,43784,41104,2680,74796,21716,20282,1434,7222,4395,5063,1666,1936,1352,24657,16637,4830,74796,4752,4764,1221,85,2.65
69,15432,5590,5714,0,537,0,54,282,3255,9385,3445,1906,10470,6076,2222,3854,963,981,1290,933,392,7069,8363,11381,1006,1058,3128,1838,794,2302,1255,15390,14119,1271,57160,8005,7454,551,3107,1590,1384,713,660,731,10389,4048,1287,57160,1549,1398,495,53,2.52
70,21896,12819,2276,0,1262,0,236,300,5003,15872,3442,1938,10471,8598,4193,4405,1366,1645,2407,1820,1327,10378,11518,15931,693,698,2617,2400,808,3686,5029,20597,19681,916,85707,10796,10020,776,5783,1361,2064,431,381,972,13404,7314,2258,85707,2521,1910,246,43,2.18
71,3454,2183,36,0,687,0,0,134,414,2228,567,543,10006,1794,306,1488,200,110,16,0,0,1633,1821,2705,16,0,27,72,80,1368,1142,3454,3382,72,176250,2663,2647,16,2092,120,399,19,17,398,2179,1024,136,176250,357,239,37,0,1.93
72,23411,16332,596,25,4055,0,15,894,1494,16789,2694,3547,10012,12041,2171,9870,777,1108,2216,759,347,11579,11832,18431,628,309,1260,918,486,8203,6627,23407,22218,1189,109037,15279,14756,523,10779,958,2624,177,218,935,16749,5840,1531,109037,2505,1374,141,10,1.83
73,28709,15042,1044,61,9545,0,175,1114,1728,18364,5284,4468,10013,11986,3138,8848,1553,1741,2248,1165,1039,14029,14680,21481,2858,1661,1776,1330,629,7800,5427,27981,26566,1415,105442,16262,15686,576,9417,1671,3475,242,881,1125,16482,10349,6088,105442,3001,2790,422,0,2.23
74,30738,25787,311,0,1725,0,180,688,2047,25043,1937,3089,10014,18229,5913,12316,2196,1908,2708,1116,758,15513,15225,26633,29,254,1396,1842,619,12014,10479,30680,29603,1077,126601,21660,20523,1137,15345,1063,3809,91,215,1237,25372,4178,293,126601,2813,1756,159,0,1.66
75,62435,45242,2348,48,6637,0,471,1127,6562,46744,6571,7298,10023,33693,14083,19610,4153,3587,8097,3623,2305,27151,35284,50726,501,892,3385,3653,1150,16377,24768,62424,60593,1831,130452,37261,35596,1665,25796,1922,6925,125,828,1997,43877,15054,3818,130452,8194,4893,449,0,1.8
76,59001,45305,1731,0,4274,0,41,1230,6420,46251,5788,5451,10024,28751,11343,17408,3757,3952,6724,2836,1919,26607,32394,47138,925,1217,2866,2813,1263,16643,21411,58479,56321,2158,131668,35610,34684,926,26123,2602,4982,552,425,2010,42618,12795,3469,131668,7099,5236,814,59,2.02
77,64264,9038,8737,68,2888,83,165,691,42594,31324,14582,15477,10032,21222,1742,19480,4105,3331,4428,2770,1103,32163,32101,48203,8841,5676,8906,7003,2769,9297,5711,64050,55482,8568,50391,37619,34416,3203,11003,11059,5744,2426,4184,2109,18639,42833,22647,50391,4833,4672,1376,478,2.98
78,53142,39656,1651,27,3100,0,100,793,7815,40044,8917,3366,10306,20007,14183,5824,4427,3897,5010,2993,1458,24906,28236,38676,1577,2391,13418,7027,2806,6690,4767,52666,50468,2198,79569,26027,24890,1137,9988,4435,5691,2291,2485,1514,35191,15643,5939,79569,5450,6881,1620,169,2.63
79,50348,16754,3862,79,5383,39,135,630,23466,33287,7609,6065,10461,18927,6162,12765,2966,2758,3919,2623,1296,24497,25851,36161,3464,3462,10137,6047,2883,5993,4175,49517,45733,3784,56612,25743,23737,2006,8185,5975,5246,2133,2198,1758,21513,25658,9491,56612,4981,5416,1492,211,2.6
80,40733,8770,6535,0,2688,0,364,618,21758,22804,8323,7666,10705,14260,4291,9969,2168,1833,3094,1312,802,19979,20754,27033,3320,3570,6934,4500,2043,3911,2755,40656,35589,5067,48540,20327,18525,1802,4742,4981,4419,1814,2569,1346,15603,22165,10434,48540,2995,4595,1486,204,2.84
81,9687,4611,432,0,2867,0,19,287,1471,5009,1820,2539,10018,5095,462,4633,406,304,419,179,105,5144,4543,8150,393,327,746,747,315,2885,2737,9680,9099,581,108914,6910,6657,253,4263,888,1258,161,87,707,5276,4079,1544,108914,1099,409,13,0,1.88
82,64548,16194,23723,83,6121,5,287,1708,16427,45635,6888,9913,10027,23811,3237,20574,3194,2781,3618,2249,695,29804,34744,41409,2855,3467,8416,4759,2062,9479,10371,64417,59690,4727,46113,28953,27326,1627,14452,5245,5494,867,1268,1839,37610,23650,6837,46113,6032,4957,998,161,2.4
83,27428,14100,1726,39,5218,0,0,437,5908,16920,3367,6085,10036,16183,1565,14618,1365,1646,2118,860,128,14922,12506,22779,669,1048,1681,2192,745,9257,7187,27428,25823,1605,91936,20136,19172,964,13168,2089,2888,564,463,1525,16759,9531,3362,91936,2587,926,210,10,1.66
84,41064,15539,10335,99,3918,12,184,614,10363,27166,8137,4631,10304,14172,7441,6731,2766,2882,3277,1817,746,20233,20831,27661,1861,2617,8441,4043,1991,5036,3672,40134,37596,2538,52199,17766,16557,1209,6180,4068,3591,1229,1489,1933,23335,15201,5724,52199,3275,5043,1343,368,2.82
85,30186,25268,310,50,1502,0,0,168,2888,23703,4159,1892,10308,10648,8826,1822,2201,2156,3007,1656,697,14569,15617,21689,467,1013,7117,3491,1797,4744,3060,30168,29330,838,93963,14785,13831,954,5953,2276,3154,1174,1274,1388,21946,6659,2207,93963,3166,3957,1252,52,2.83
86,48351,791,13962,96,356,0,107,209,32830,27728,7325,8678,10459,16382,1875,14507,2909,2033,2526,1771,567,23004,25347,29872,5642,4618,8812,4572,2070,3177,981,48225,43202,5023,27687,20108,18237,1871,4145,6733,3850,1169,2340,1561,14779,29881,12531,27687,3713,5700,1544,268,2.9
87,72479,2074,50054,191,2169,27,900,1093,15971,37427,19306,11340,10466,23704,9191,14513,5098,4341,5044,3015,1031,31842,40637,48057,4075,6122,13908,8489,4260,7800,3403,71872,65060,6812,51477,36368,32677,3691,10168,10207,7118,1831,3353,1773,49354,18698,6052,51477,5435,7829,3003,370,3.03
88,12127,147,4229,12,9,0,33,9,7688,6541,1332,3254,10474,3488,219,3269,459,565,578,243,92,6430,5697,7323,1442,1237,1989,1249,559,667,180,11455,9943,1512,25493,4571,4063,508,757,1619,770,352,565,800,3755,7308,3689,25493,736,1113,483,69,3.18
89,12544,8390,1256,0,848,0,13,419,1618,10262,1153,982,10803,3947,3016,931,861,513,890,558,227,6199,6345,7888,200,288,1301,724,274,2271,2830,12544,12113,431,152932,6162,5848,314,3703,686,931,271,257,146,9608,2254,626,152932,986,1710,454,77,3.17
90,3028,1834,47,0,899,17,40,79,112,2133,268,563,10004,1659,635,1024,137,187,167,33,28,1267,1761,2547,27,1,55,147,14,1210,1093,3028,2879,149,157645,2173,2076,97,1581,50,428,2,15,442,2083,820,82,157645,425,280,4,0,1.82
91,92805,50675,9197,51,8271,14,372,2489,21736,64537,12076,11833,10025,41910,12013,29897,5353,6430,11198,4587,2805,41890,50915,70558,4087,2980,7196,6807,2421,20072,26995,91776,87759,4017,85930,51377,47943,3434,32166,5557,7237,1215,1768,2390,57330,31564,11053,85930,10708,7783,994,177,2.09
92,29882,3217,17098,21,536,123,146,1086,7655,22170,3513,3579,10030,12736,1471,11265,1414,1684,1657,999,663,13233,16649,21781,1790,3051,5175,3918,1237,4026,2584,29882,27415,2467,37232,16025,14041,1984,4905,4055,3047,634,1400,1493,18698,9077,3958,37232,2606,2646,499,127,2.3
93,21139,1247,14335,0,528,0,27,485,4517,16369,1880,2128,10037,9731,485,9246,1256,1017,1408,971,696,9399,11740,14533,730,1499,3466,2382,879,3089,2488,20913,19489,1424,45041,9914,8667,1247,3855,1959,2081,160,612,1103,13361,5781,1766,45041,2023,1865,399,43,2.14
94,42298,26370,2628,90,5405,0,197,688,6920,27094,9648,4604,10305,14663,9671,4992,2903,2912,3402,2050,846,20145,22153,30043,2414,2040,8405,4538,2542,6331,3773,41751,39730,2021,76489,19803,18589,1214,7621,3919,3755,1749,1545,1497,21194,18450,7090,76489,3267,4918,1949,250,2.82
95,90761,56696,3352,52,14904,76,108,1847,13726,65818,16646,6457,10314,31362,23323,8039,5628,5918,9332,4312,2001,43762,46999,63943,2986,3407,20742,10533,4655,12570,9050,89745,85842,3903,86742,43109,41148,1961,16870,7179,9591,3580,3928,1877,54526,31000,9442,86742,8737,10760,3466,818,2.85
96,47798,1264,16912,0,557,96,221,512,28236,29652,7962,7433,10451,19123,2488,16635,2939,2137,3212,1928,880,22334,25464,30576,4907,4398,7907,5132,2276,4070,1886,47746,43071,4675,28921,20628,18857,1771,4050,7227,4392,654,2534,1897,18269,26495,12678,28921,4012,5376,1399,198,2.49
97,71360,22584,7980,92,2579,28,501,1124,36472,44519,14325,9250,10463,28682,9219,19463,4046,3982,7270,4338,2507,33641,37719,51158,4831,4816,10076,8113,2642,10705,9975,69431,65597,3834,58551,36076,33312,2764,14605,8341,6494,1548,2324,1950,29711,36722,13922,58551,8063,6907,1555,197,2.4
98,43208,3419,24539,0,1186,0,904,618,12542,28536,8703,2675,10475,18759,8080,10679,2440,3251,5573,3613,1408,18358,24850,32233,1848,2716,9292,6084,3182,5918,3193,41981,39703,2278,50832,21321,19869,1452,6558,5239,5899,1142,1031,2228,27941,13481,4963,50832,5100,4353,1035,0,2.22
99,74993,16472,5249,329,30847,24,166,1516,20390,38705,18969,12407,10002,33540,4470,29070,4882,5378,7711,5125,2974,36230,38763,59160,12443,7695,11597,4963,2372,12928,7162,74755,70327,4428,35859,36059,33532,2527,14930,8514,6761,876,2451,1752,27436,44920,27848,35859,8372,6735,1239,219,2.18
100,79597,12310,20558,43,7395,17,220,932,38122,53979,9092,9556,10029,31690,2149,29541,4532,4617,5290,3690,1725,36356,43241,54309,6689,7267,12861,7477,2822,10072,7121,78784,72894,5890,34016,36149,32257,3892,13158,8164,7413,1208,2314,2120,34816,41137,15374,34016,8063,7204,1857,251,2.4
101,60254,10485,14291,61,2279,0,211,1972,30955,34534,11748,12023,10031,21959,2734,19225,2850,3461,3462,2333,753,30567,29687,43469,6474,4566,8875,5905,2036,8937,6676,60235,52882,7353,49891,36083,33604,2479,12487,10078,6856,1498,2685,1962,24069,32995,14095,49891,4727,4929,1140,272,2.72
102,42910,8628,2329,11,1298,14,102,603,29925,22174,9671,9373,10034,16095,1500,14595,2120,2672,3637,1451,691,20361,22549,30637,4505,3281,5483,5062,1877,6004,4425,42863,38806,4057,54716,23714,21864,1850,8280,6790,3752,1159,1883,1645,11659,28719,14502,54716,3867,3887,1068,275,2.66
103,44571,9352,2181,22,1257,0,176,615,30968,21292,11139,10100,10040,16181,1679,14502,2470,2431,3589,1991,1761,20779,23792,32545,5030,3659,5913,4937,1711,6489,4806,43030,39681,3349,47137,23709,21212,2497,7813,6037,4131,807,2424,1724,11644,30689,15357,47137,3694,3968,1096,293,2.66
104,61741,50629,749,12,3356,43,67,651,6234,52306,6743,1710,10312,21382,18246,3136,4656,4039,6887,2655,1065,29882,31859,43297,948,1698,14169,8328,3213,8861,6080,61725,59998,1727,95064,29989,28609,1380,13033,4528,6316,2364,2368,1575,47391,10939,3736,95064,6164,8533,2134,315,2.88
105,76078,1446,20567,89,1027,13,355,758,51823,38814,14331,19078,10452,26126,702,25424,4242,3090,3904,1550,698,34800,41278,45791,8936,7310,12198,7512,3315,5097,1423,75896,66890,9006,28277,34046,30533,3513,5108,12189,6530,1982,4724,1837,19479,51277,25773,28277,5693,8412,2632,610,2.88
106,76756,8909,19050,261,9627,0,746,1680,36483,44236,12475,11483,10462,29543,6600,22943,5193,3981,5118,3093,1034,36091,40665,53052,5148,5417,15009,9632,4286,8500,5060,76534,70700,5834,52409,41148,36847,4301,11450,10094,8881,2184,4238,1727,30013,41906,16885,52409,7692,8363,1983,399,2.59
107,59609,1535,19922,163,918,0,362,444,36265,39853,8302,5752,10473,20935,6189,14746,3642,3460,5050,2870,859,26916,32693,38996,4133,5360,11231,7513,3717,4862,2180,59300,55497,3803,41638,25150,22785,2365,6496,6473,5055,1321,3440,1745,25942,29851,9870,41638,5556,6352,1913,461,2.83
108,8831,6132,219,0,1497,0,63,312,608,6660,735,1236,10005,4374,859,3515,279,35,84,28,0,4003,4828,6586,48,3,296,141,273,3191,2634,8831,8594,237,173333,6981,6762,219,4820,214,1628,90,10,747,6673,1636,260,173333,954,647,13,0,2.02
109,33730,21570,1728,230,5773,0,135,591,3703,25960,3320,3570,10010,16390,4651,11739,1855,1101,2894,1165,664,17370,16360,25327,380,601,2190,1715,587,9368,10486,33550,32354,1196,117923,21461,20602,859,14926,1556,3504,303,313,1808,23938,8093,2176,117923,3351,2065,293,0,1.85
110,51057,33836,1780,31,9748,0,603,1516,3543,36127,7083,6708,10016,28916,8319,20597,2841,2126,4032,2186,1204,24165,26892,41216,811,803,2034,3140,1263,17917,15248,50844,49081,1763,117004,35885,34555,1330,25652,1582,6444,590,287,2167,34657,14490,4013,117004,5304,2132,387,22,1.71
111,15801,10825,354,0,3352,0,23,315,932,10320,2671,2430,10017,9905,4320,5585,844,874,2265,865,233,7134,8667,13615,215,205,575,1213,188,6249,4970,15801,15190,611,127506,11289,10959,330,8158,354,2083,122,242,1149,10594,4724,1255,127506,2113,790,71,0,1.57
112,39363,7744,19796,20,2308,0,70,1036,8389,28636,4939,4485,10026,15458,2352,13106,2275,1747,2359,1112,642,18124,21239,28584,1786,3246,5857,3590,1405,6661,6039,39062,36758,2304,58884,21093,19622,1471,10093,3841,3861,390,1437,1548,24323,12394,3639,58884,3342,3675,621,110,2.48
113,59607,14090,2448,20,1238,0,190,779,40842,29952,14692,13236,10033,19652,2054,17598,3763,2954,4669,2695,958,30216,29391,43303,7718,4569,7576,5457,2261,9416,6306,59593,54694,4899,58614,33224,30019,3205,11897,8376,5200,1472,3074,2035,15809,40192,21342,58614,4848,5210,1508,455,2.99
114,5085,3123,148,0,1533,0,0,224,57,3547,331,1207,10069,2552,675,1877,235,197,148,109,88,2354,2731,3697,29,24,179,130,96,1383,1856,5085,4992,93,110625,2978,2880,98,1990,22,852,0,16,893,2922,1795,580,110625,517,662,27,0,1.99
115,59256,42129,1766,0,5781,0,275,1998,7307,44297,7054,6535,10128,30691,10129,20562,2989,3494,6117,3537,1344,25338,33918,47668,539,836,3550,2391,1245,17976,21131,59244,57424,1820,114010,37239,35808,1431,25898,1724,6852,633,701,1707,39143,16909,3147,114010,8171,5192,530,3,1.92
116,42283,563,10288,85,521,156,92,206,30372,24181,5946,8007,10455,14401,1200,13201,2064,1752,2183,1173,514,20172,22111,25656,5207,4876,7127,3956,1454,2230,806,42171,37034,5137,26801,18123,15827,2296,2862,6100,3571,1234,2060,1688,10700,27736,12916,26801,2875,4747,1574,170,2.85
117,23262,9676,4387,0,1449,0,8,391,7351,17293,2649,2597,10310,8346,5113,3233,1610,1653,1865,964,280,11065,12197,15599,1193,1340,4093,2282,1369,2995,2327,23247,21283,1964,72093,10468,9976,492,4032,2357,1855,854,878,1015,14772,6940,2530,72093,2304,2925,771,156,2.77
118,79606,941,21817,49,1043,0,138,567,55051,42667,14288,18517,10453,27266,972,26294,4292,3193,4508,1753,455,36246,43360,47498,8271,7994,13265,8325,3607,4635,1401,79523,71976,7547,25275,34821,30652,4169,5269,12065,6899,1995,4424,1632,21177,51604,25909,25275,6016,8888,2862,418,2.86
119,38203,888,10753,137,130,0,176,163,25956,23680,3902,6526,10454,13167,687,12480,1809,1389,1568,1289,355,18469,19734,21829,4903,4250,6362,3428,1168,1290,428,38158,32724,5434,21149,15313,13416,1897,2131,5286,3060,730,2209,1375,12087,23056,10271,21149,2839,3330,1612,370,2.83
120,83960,6995,14617,76,2333,31,285,1060,58563,45037,13269,20855,10458,27282,1060,26222,3889,3750,4148,1745,693,40415,43545,48277,8047,7379,14237,8534,3176,4879,2025,83919,74041,9878,33932,39769,34515,5254,6187,12994,7607,2660,5067,2079,21119,55680,26066,33932,6425,8569,2722,720,2.96
121,73870,7907,38318,250,4757,0,460,760,21418,39859,19221,10529,10469,22450,11439,11011,4823,4703,6335,4087,1794,34385,39485,51384,5543,4988,14338,9065,4610,7623,5217,71678,66196,5482,63652,37106,33851,3255,10680,9556,7065,2637,3913,2225,41812,28212,9407,63652,5880,7846,2875,429,3.18
122,32223,18810,3047,70,2245,14,104,348,7585,20803,7069,3191,10704,12283,6830,5453,2360,1600,3050,1835,872,15793,16430,23440,1562,1691,6310,4576,1914,4671,2716,32223,30277,1946,73165,17676,16878,798,5840,3402,3771,2168,1697,955,18372,12259,3685,73165,3327,3464,894,120,2.62
123,7023,5056,294,0,826,0,0,267,580,5165,698,950,10007,2731,968,1763,305,258,358,61,15,4118,2905,5323,162,230,376,280,17,2269,1989,6285,6244,41,246813,3923,3813,110,2797,146,802,60,8,858,4891,1593,349,246813,721,538,206,0,2.25
124,43703,24786,2331,68,7554,60,427,1149,7328,28680,6750,7154,10019,25428,5064,20364,2868,2440,4310,1726,758,22413,21290,37458,943,783,3513,3236,1852,13819,13312,43641,41690,1951,98833,30567,28937,1630,20448,2332,5289,259,609,1692,27124,15334,4360,98833,5604,2013,247,0,1.7
125,46215,36643,270,156,4333,40,49,1060,3664,35611,4849,4802,10021,24996,11252,13744,3076,2131,5205,3712,1333,21010,25205,37453,166,193,2216,3104,1540,14573,15661,45860,43958,1902,118289,26905,26342,563,18660,795,6178,344,365,2180,33691,9655,1815,118289,5415,4248,365,125,1.83
126,22800,10249,1558,49,7069,0,64,593,3218,14329,4418,3271,10038,10210,2732,7478,1198,1387,1910,1291,664,10696,12104,17155,2051,1178,2192,1389,436,6032,3877,22787,21759,1028,86058,13016,12277,739,8030,1440,2215,197,395,1040,12348,9553,4666,86058,2804,1552,246,69,2.11
127,27726,1872,15274,81,452,11,17,641,9378,19828,3721,3365,10039,11210,1515,9695,1874,1422,1397,771,430,11816,15910,18072,1558,1886,4619,2925,1594,3212,2278,27726,25260,2466,39653,13877,12001,1876,4501,3143,2536,660,1161,1490,14779,10744,4036,39653,2630,2876,501,36,2.44
128,18204,5681,3502,10,1269,1,75,187,7479,13135,1818,2699,10302,6149,3616,2533,1219,895,1166,590,118,9313,8891,12162,683,1387,4010,2456,671,2078,877,18146,16178,1968,64103,8114,7773,341,2321,1684,1706,905,1157,918,10112,7006,2119,64103,1245,2168,882,60,2.94
129,9384,6612,164,0,1474,0,57,251,826,6218,1372,1539,10280,4560,1233,3327,530,375,624,194,40,4477,4907,7160,0,94,87,416,233,3151,3179,9384,9027,357,169844,6315,6099,216,4725,249,1006,97,22,707,5618,3055,529,169844,1046,1009,130,16,2.06
130,25947,4581,8543,49,2099,0,59,513,10103,17577,3781,3315,10303,8156,4954,3202,1696,1337,1596,632,206,12810,13137,16064,1342,1950,4421,3226,1073,2831,1221,25914,23817,2097,62558,11040,10564,476,3458,3070,1918,891,1227,1366,13388,10752,3386,62558,1996,2912,1438,225,3.16
131,20991,2093,11961,40,1199,0,320,256,5122,13489,4397,2274,11692,6815,2338,4477,1419,1068,1588,642,336,9755,11236,13243,1247,1977,3437,2412,1069,2034,1067,20258,18928,1330,44024,9014,7847,1167,2580,2209,1552,556,950,1175,13472,6089,2347,44024,1996,2076,736,159,2.95
132,8311,2175,1812,0,132,0,36,31,4125,5320,1216,1533,11096,2581,1122,1459,454,298,603,309,162,4130,4181,5349,962,539,1612,970,378,520,368,8311,7371,940,56917,4207,3835,372,768,1150,750,558,609,572,4018,3659,2181,56917,607,983,337,84,3.22
133,30800,13229,2659,24,4650,0,239,527,9472,17622,6679,5659,11102,13072,1741,11331,1487,1339,2121,966,544,15375,15425,23543,1887,1586,4721,2557,1466,7540,3786,30525,27460,3065,64067,18666,17604,1062,8498,3834,3279,813,1180,1085,13407,15732,7007,64067,3249,2324,680,120,2.33
134,26119,11361,321,23,5710,0,78,416,8210,12985,4879,7436,11104,11619,2298,9321,1298,1510,1833,1219,306,12954,13165,20640,1476,1413,4381,2178,1727,6074,3391,26119,22564,3555,61269,15925,15046,879,6803,3021,2887,800,1535,1061,8961,15714,8320,61269,2442,2371,614,26,2.25
135,91972,3695,54049,129,1295,45,1014,1140,30605,57908,17445,12549,11207,33240,8440,24800,5969,4927,6015,3189,1304,41188,50784,60555,5856,7343,22393,10753,4852,6628,2730,91462,84404,7058,37243,42447,38369,4078,9222,12838,8764,3052,4493,2262,56985,28586,11106,37243,7241,9032,2970,856,2.7
136,66295,13651,42570,13,1252,0,369,1380,7060,41064,14019,9120,11213,25027,3903,21124,4249,3248,4141,2292,1170,30437,35858,43266,3061,4728,12237,8121,2968,7764,4387,65957,59855,6102,41710,32938,30066,2872,10190,8632,7055,1742,2447,1747,45851,15783,5135,41710,6050,5931,1944,650,2.61
137,56308,14656,30784,18,2898,0,242,1631,6079,40128,8611,6128,11216,24079,5328,18751,3099,2550,3422,2197,908,26400,29908,42625,2398,3089,9139,5513,2544,12331,7611,56181,51589,4592,61121,34031,31847,2184,16581,6026,5668,1195,2377,1543,42842,10587,3229,61121,5717,4036,1095,190,2.31
138,58882,14516,35980,49,1521,27,579,1297,4913,35208,14298,7994,11225,24105,3777,20328,3329,3434,4367,2252,827,26817,32065,42921,1981,3610,9871,8069,2828,9697,6865,58842,54009,4833,55862,34035,31374,2661,14369,7347,6191,1073,2394,1896,40940,14939,4942,55862,5672,5381,1118,429,2.44
139,27602,6141,1372,91,5268,0,126,630,13974,15340,4529,6369,11232,8812,2222,6590,1225,1083,1364,663,185,14304,13298,19434,3222,2796,4663,2059,796,3570,2328,25643,21935,3708,56661,14388,13447,941,4788,3446,2524,994,1695,1434,8698,17148,9379,56661,1956,2843,852,162,2.9
140,54540,23185,19319,39,3319,10,356,2365,5947,41460,7140,4256,11238,24547,7328,17219,2824,2861,4005,1691,948,25481,29059,42970,1655,2382,5831,4385,2080,14566,12071,54083,51007,3076,85407,34420,32374,2046,21048,4534,5090,606,1096,1725,40164,11082,2640,85407,5562,4815,698,53,2.17
141,37190,12476,184,121,17473,0,145,530,6261,18152,10766,7784,11358,13042,7207,5835,2795,2267,4008,2369,757,18368,18822,28220,2479,2355,7292,3992,3331,5226,3545,37184,32708,4476,66129,18728,17968,760,6970,3885,4060,1322,1731,1158,11473,23761,15655,66129,3964,4193,1261,142,2.85
142,44983,11388,3347,104,20070,21,380,807,8866,24016,13422,6792,11365,15571,7373,8198,3555,3137,3530,2121,1017,21359,23624,32031,2237,1928,8033,4972,2976,7219,4666,44983,41119,3864,66483,23272,21162,2110,7482,4355,5797,1566,1962,1524,16695,24988,12510,66483,4191,5418,1557,198,2.88
143,43714,10036,13402,25,6383,12,736,1695,11425,26795,12164,3858,11580,13302,11197,2105,3420,2915,3810,1680,955,20745,22969,30692,1866,1481,7285,6126,2717,6634,4583,43656,40878,2778,109470,24719,23045,1674,9411,4063,5736,1633,2202,1167,25210,16243,6683,109470,3393,4842,2332,249,3.28
144,45263,6867,20444,67,6347,16,791,1697,9034,24854,13055,6577,11003,12256,9821,2435,3723,2606,3691,1678,842,22279,22984,31394,2156,1595,8823,6150,3296,6346,3028,45263,42911,2352,97338,24551,23237,1314,7894,5289,5567,2012,2475,1542,24254,18966,6816,97338,2689,4393,2378,707,3.69
145,18185,12505,397,49,3748,0,83,241,1162,12548,3831,1517,11021,7949,5563,2386,1147,1234,2115,1363,868,8355,9830,13589,455,318,1773,1546,633,4095,4769,17981,17312,669,99170,9298,8947,351,5617,878,1990,225,237,449,11022,6182,2450,99170,1967,2153,490,33,2.26
146,36140,20953,684,15,5332,45,55,852,8204,20012,8568,6723,11103,15665,2536,13129,2074,1422,2261,1423,401,17586,18554,28821,2169,1239,5928,2816,1761,9684,5224,36140,32172,3968,71437,24014,22483,1531,11061,4382,4323,1104,1613,1278,15995,18533,7709,71437,3814,3054,475,46,2.3
147,67809,43770,1833,71,9044,54,126,1470,11441,44027,13835,7728,11209,29297,11028,18269,4376,4602,6271,3512,1709,32504,35305,50759,2949,3042,9568,6795,3089,14420,10896,67517,63054,4463,72314,36567,34474,2093,17980,5278,7342,1601,2273,1706,34806,28696,11130,72314,7307,6537,2112,304,2.3
148,92946,39676,1143,49,34742,11,186,1866,15273,38920,31057,20759,11214,31933,10629,21304,6271,5238,8110,4855,2386,45577,47369,66593,9862,6140,17360,7395,4763,13738,7335,92451,82189,10262,54041,45876,43040,2836,13790,10661,8713,4852,5024,2055,24057,62423,42196,54041,7846,10595,3621,631,2.88
149,95643,13452,1557,159,39441,0,256,938,39840,38387,20429,32580,11220,28083,7302,20781,5121,4673,5798,3541,1194,48315,47328,65094,15587,14948,13576,5021,2376,9040,4546,95438,80075,15363,47079,47520,44540,2980,9450,15650,8732,4228,6480,2069,14375,73779,53062,47079,6006,9580,4209,1117,3.39
150,89075,58782,6138,387,12547,0,330,1772,9119,50227,22642,14426,11230,30572,9090,21482,4851,4708,7213,4074,2453,42716,46359,56090,5202,4499,12431,6691,4291,12998,9978,88840,81187,7653,49541,39035,36628,2407,15200,7526,7844,2099,3959,2065,35875,44893,26032,49541,7384,7174,3776,1718,2.89
151,80853,6043,2306,455,58718,70,332,986,11943,22337,26090,31085,11355,27606,8316,19290,5611,5342,7571,4641,2032,38656,42197,61696,9458,9115,18960,6235,5875,7544,4509,80440,63275,17165,39207,38285,36763,1522,8756,12133,7749,3038,5087,2290,10958,65290,52994,39207,7850,9023,2452,429,2.91
152,86421,18107,1624,205,31843,0,214,1528,32900,34076,19402,31177,11377,31400,9688,21712,5785,4367,7570,4280,1255,44369,42052,65644,7898,6912,21150,6189,4679,13280,5536,86174,74780,11394,57010,47204,45313,1891,12843,11837,8553,3532,8548,2504,18985,63200,36940,57010,7237,9029,2635,435,2.74
153,37279,20160,531,49,3832,0,122,578,12007,21966,8308,5962,11378,12604,6412,6192,2596,2230,2543,1303,854,18168,19111,25827,1879,1634,8680,3980,2339,4923,2392,37097,33749,3348,73333,19016,17932,1084,5755,3835,3996,2463,1883,1326,15275,19351,8059,73333,2755,4519,1274,128,2.94
154,20759,207,18790,18,58,0,167,150,1369,12460,5974,2074,11411,6270,5390,880,1834,1242,2181,1319,479,9582,11177,15210,575,661,4074,3509,1581,2951,1859,20746,19347,1399,93882,11322,10587,735,3614,2805,2333,635,1200,740,16069,3752,1107,93882,1698,2181,910,126,3.31
155,27125,3448,1294,1,8979,5,427,728,12243,12443,8335,5457,11416,7217,3124,4093,1870,1452,1654,833,293,13398,13727,17904,2193,1902,5975,2727,1278,2858,971,27105,24642,2463,67461,13684,12683,1001,3104,3459,2785,1428,1907,1087,9988,15297,6278,67461,1365,3068,1344,258,3.75
156,31400,2807,12083,200,8950,0,1992,913,4455,13920,11554,5240,11423,9787,5672,4115,2478,2296,2835,1256,677,15291,16109,22788,2183,1518,6616,3906,1966,4547,2052,31015,28252,2763,70266,17546,16149,1397,4700,4276,3933,1317,1923,1334,18151,11556,5063,70266,2302,3436,1126,331,3.16
157,36806,12523,770,315,19103,0,8,561,3526,19544,12007,4561,11364,13554,9993,3561,3028,2781,4016,1791,890,18053,18753,27326,1561,1327,6354,3670,2560,7060,4794,36795,33852,2943,76988,19133,18299,834,7945,2879,4760,1311,1404,1297,14034,20792,11198,76988,3918,4462,1129,111,2.71
158,42443,632,38209,69,480,51,214,708,2080,25633,11446,4719,11413,12356,8768,3588,2648,2670,3827,2302,789,19773,22670,29425,1411,1869,8580,6826,2970,4953,2816,42218,39746,2472,86324,22344,20836,1508,6700,5570,4694,1576,2296,1459,34813,5306,1782,86324,3156,4457,1866,311,3.41
159,27403,434,20276,194,1122,59,1456,457,3405,15084,8114,3810,11429,7340,5280,2060,1876,1910,2307,1221,435,12851,14552,19164,1201,1732,5194,4009,2002,3320,1706,27313,25597,1716,83240,15895,13772,2123,4378,3527,3143,993,1731,1140,17491,8569,3730,83240,1530,3018,973,471,3.72
160,65791,1024,55870,0,1615,0,1287,1040,4955,44301,14873,5697,11434,21462,10525,10937,4442,3492,5448,2918,1612,29219,36572,44512,2012,3993,14401,10673,3736,6505,3192,65336,61325,4011,62207,33013,30780,2233,9009,8651,7226,1829,4065,2217,55044,6405,2694,62207,4873,6577,2168,642,2.96
161,20077,308,11991,87,2084,0,1805,833,2969,11792,4912,2949,11436,5581,4065,1516,1418,1133,1284,526,303,9918,10159,13735,1019,1626,4530,2710,1060,1839,951,20077,18314,1763,75242,10994,9986,1008,2608,2760,2201,1236,1181,834,15088,3807,1572,75242,1341,2237,704,199,3.55
162,41877,17971,687,30,16049,98,697,723,5622,25941,11253,4046,11040,12876,11500,1376,2906,2896,4339,2291,1448,19603,22274,29693,1089,1327,6302,3890,1909,8562,6614,41849,39937,1912,124378,21420,20759,661,10556,2497,5139,906,1661,884,20475,19085,6523,124378,3157,5604,1689,363,3.25
163,37382,22775,791,208,4548,0,59,789,8212,22106,8848,5106,11105,15363,4255,11108,2359,1687,2378,1641,811,18814,18568,29352,2190,1642,5881,3330,2057,9134,5118,37335,34103,3232,73959,23511,22420,1091,11060,3392,4907,1318,1743,1259,16105,19444,6833,73959,3783,3266,844,64,2.43
164,38363,15779,2296,63,7951,8,351,1071,10844,21406,8671,6882,11106,16992,3028,13964,1846,1709,2870,1454,886,18799,19564,30072,2417,1800,5546,3267,2033,10125,4884,38355,35163,3192,63703,23905,22211,1694,10851,4429,4079,1160,1692,1299,16126,20592,9126,63703,4296,2741,881,117,2.24
165,83615,49672,4267,34,18445,76,105,1977,9039,42446,27089,12278,11229,30946,14601,16345,6145,6203,8488,4346,2092,40272,43343,59080,5487,3485,16107,7356,4422,13376,8847,83496,77857,5639,60873,40343,37858,2485,15245,8136,8510,2371,3596,1823,33659,44650,25260,60873,8673,9125,3082,701,2.69
166,95666,35900,41699,118,6351,11,304,1260,10023,57800,27212,8793,11234,31835,21649,10186,7030,6739,9380,4610,2113,45456,50210,66660,3217,3534,20077,11054,5584,13631,9563,95615,89770,5845,81399,47935,44497,3438,18376,9358,9690,2969,4104,1928,59827,30162,12321,81399,8803,10519,4190,790,3.0
167,39902,23849,187,41,8770,14,128,673,6240,25760,9589,3803,11357,14515,11239,3276,2749,3048,4520,2805,1316,18957,20945,29489,2282,1908,7199,4292,2346,6936,4526,39690,37444,2246,83951,19458,18392,1066,7924,2563,5014,1497,1394,1420,18776,18717,9085,83951,4393,5189,1039,69,2.73
168,41824,19408,3075,69,10655,0,41,1110,7466,23751,10633,6069,11367,14580,6802,7778,2679,3209,4033,1810,834,20114,21710,27838,2615,1677,7420,3719,2160,5979,4268,41763,39142,2621,57933,19720,18523,1197,7863,3721,4210,1081,1648,1474,16795,21661,10847,57933,4135,4680,1285,292,2.8
169,34118,2747,5063,51,4196,0,58,302,21701,14665,10253,8602,11369,10294,5609,4685,2266,1711,2824,1675,748,16785,17333,23737,3684,2051,9574,2660,1694,2720,1354,33674,28927,4747,54121,16539,15418,1121,3496,4538,3335,1767,2282,1320,7954,23719,13163,54121,2192,3280,1330,345,3.22
170,19372,9010,967,66,3671,19,233,573,4833,10445,5218,2880,11415,8379,2999,5380,1200,1149,1860,786,441,9253,10119,14177,510,646,2676,2350,1346,3914,2735,19372,18215,1157,68294,10761,10344,417,4996,1560,2184,493,1111,1061,7725,10419,3936,68294,2016,1570,551,126,2.31
171,38517,6312,2460,136,9217,0,1042,1747,17603,17907,10578,8656,11418,10938,4761,6177,2290,2406,2548,1203,606,19354,19163,25587,3238,2553,7262,3791,1852,4536,2355,38327,32919,5408,66570,19502,18451,1051,5185,4672,3570,2123,2901,1281,13847,21875,10331,66570,2536,4026,1496,378,3.48
172,41002,6898,1210,68,7932,0,203,649,24042,19671,11581,8291,11421,11638,6460,5178,3178,2155,3308,1307,564,20497,20505,28083,4009,2566,8051,4328,2327,4911,1891,40988,36216,4772,72066,21518,20033,1485,5053,5561,4631,1927,2861,1190,11719,26703,12119,72066,2666,4492,1723,348,3.52
173,62053,8027,9134,257,25619,22,1660,2172,15162,25827,21726,13449,11432,18547,6791,11756,4160,3728,4698,2862,1117,29294,32759,40975,4904,3138,9527,5425,3176,9499,5306,60955,54855,6100,55906,30876,28606,2270,9277,6496,6715,2023,4095,2017,19187,38710,17990,55906,4083,5928,2537,383,3.1
174,73488,36724,1825,82,20530,0,96,2661,11570,39022,22633,10215,11375,32857,16697,16160,5313,4896,7718,4757,2323,33695,39793,56889,2029,1564,8553,6539,3396,18061,16747,73053,69982,3071,80542,39288,37540,1748,22643,4646,7651,1055,1545,1548,29461,38858,14919,80542,9274,7600,1272,140,2.22
175,48489,2367,11167,405,15013,76,5192,2609,11660,21723,17572,7386,11420,13159,8799,4360,4199,3298,3192,1891,608,23765,24724,34051,4426,4658,10511,5652,2341,4900,1563,48458,44260,4198,67932,25633,23670,1963,5976,5698,6136,2496,3364,1643,31649,14407,5228,67932,2966,5464,2182,537,3.68
176,59296,6737,13287,55,14393,7,4457,1932,18428,26274,17757,14064,11435,18874,6868,12006,3768,3398,4197,2054,810,29447,29849,42178,5486,4253,10184,7244,3340,8073,3598,58947,51767,7180,64086,33085,29557,3528,8627,7364,6962,2868,3736,1354,24831,30541,16514,64086,4783,6033,1982,544,3.08
177,8181,7098,150,32,294,0,21,2,584,6764,944,244,11559,2694,2281,413,395,423,994,502,241,3562,4619,5129,129,121,534,815,229,1519,1782,8167,7982,185,108750,3656,3608,48,1973,286,1052,124,173,380,5949,1934,345,108750,832,621,337,176,3.03
178,21275,10166,4485,1,3244,10,334,486,2549,14255,5118,1421,11581,6854,5674,1180,1687,1220,1679,999,583,10203,11072,14461,469,577,2930,2236,1297,3938,3014,21275,20268,1007,108800,11285,10719,566,4907,1556,2820,783,653,581,12833,7160,2795,108800,1994,2184,1066,187,3.1
179,67094,16075,29701,0,2320,90,279,941,17688,44088,12443,7997,11691,20594,4964,15630,4097,3480,4401,2786,1129,30803,36291,40221,4049,5956,9875,7073,2884,6269,4115,64911,59727,5184,46147,28439,25755,2684,8601,7948,4780,1729,2697,2396,39414,20803,8583,46147,4518,5947,2670,998,3.12
180,112425,4409,9291,209,12613,0,398,637,84868,42626,24292,43315,11368,28502,6175,22327,5042,4715,5709,2767,1243,58465,53960,71881,19575,7184,23062,8697,4436,6742,2185,112033,85344,26689,50797,57123,54370,2753,6327,20741,8943,9579,8780,2843,13055,89239,55588,50797,5967,10576,4432,1480,3.92
181,106717,49227,1710,36,7101,0,314,1083,47246,58599,23118,21077,11385,35126,11272,23854,6804,5900,5990,3543,1571,53086,53631,73483,7339,5190,23446,12677,5254,12808,6769,106626,93498,13128,72261,57798,55079,2719,15850,14593,11269,6411,6956,2150,41736,58026,24959,72261,8941,12169,3290,488,3.03
182,37458,286,33065,265,867,23,344,699,1909,23465,9445,3935,11412,11039,8206,2833,3197,2263,3171,1682,653,17167,20291,25970,1493,1594,8381,5977,2341,3772,2412,37367,34567,2800,78517,20694,19017,1677,5784,5622,4375,1216,2020,1112,30651,4618,1798,78517,2679,4174,1359,382,3.39
183,29219,19824,518,0,1475,0,266,623,6513,22707,4851,1028,11414,10680,7453,3227,2155,2131,3138,2045,1237,13929,15290,21607,1248,1745,6752,3669,2159,3828,2206,29155,28068,1087,71648,13987,13174,813,4784,2078,3719,1066,1527,1414,18171,9435,3067,71648,3356,3569,720,131,2.73
184,198,7,133,0,0,0,0,0,58,171,7,7,11430,0,0,0,12,18,12,0,0,188,10,182,7,49,76,32,6,5,7,198,173,25,-666666666,140,77,63,0,32,13,18,14,154,133,61,14,-666666666,0,0,0,0,-666666666.0
185,21354,15589,1283,143,742,0,208,206,3183,17952,2204,932,11694,8468,4505,3963,2181,1622,2470,1123,775,10932,10422,16069,641,1020,3785,2610,1033,3843,3137,20411,19614,797,80976,9988,9447,541,4741,1382,1990,711,623,816,15825,4140,1312,80976,2520,1786,519,120,2.35
186,3540,3243,21,0,20,0,27,0,229,3412,98,1,11697,1365,1322,43,259,293,453,296,150,1699,1841,2501,11,47,466,525,182,704,566,3540,3519,21,103580,1586,1510,76,693,255,252,177,133,403,3250,66,11,103580,411,409,106,0,2.59
187,27867,17260,1426,53,5171,0,53,356,3548,20739,4928,1767,11001,9144,7394,1750,2359,1947,2636,1304,923,13692,14175,19745,927,907,4277,3014,1628,5147,3845,27853,27001,852,108438,14610,13957,653,6895,2038,3130,855,1039,804,18826,7697,3344,108438,2483,3404,1131,203,3.04
188,76978,41872,851,151,24376,13,223,1096,8396,40409,20213,14482,11204,23601,8748,14853,4518,4391,5601,3022,1854,38466,38512,49510,7968,5316,14056,5258,3457,9241,4214,76921,70589,6332,49785,34236,31825,2411,10146,7577,7675,2736,3691,1798,17040,53339,29324,49785,5717,7757,3136,1550,3.26
189,74508,39092,5637,85,13789,0,413,2403,13089,46128,15112,10976,11218,24866,9106,15760,3745,3643,5394,2387,1019,37538,36970,48065,4170,3795,9562,6234,2647,11574,10083,74293,68549,5744,69415,36185,33968,2217,16458,6099,6045,2144,3222,1997,30065,37043,17933,69415,5390,7017,2389,1427,2.97
190,81789,42631,2861,140,19745,134,248,2333,13697,41038,24991,13646,11223,27958,9964,17994,5258,5052,6690,4098,2104,40113,41676,55076,6563,5631,15062,6550,3808,10981,6481,81746,74925,6821,50108,37790,34827,2963,11843,7599,8339,2755,4291,1994,27204,47164,29722,50108,6969,8732,3802,642,2.92
191,46707,23843,9636,68,2753,4,0,887,9516,24086,15947,4843,11224,18725,5203,13522,2874,3173,5862,4232,1976,20929,25778,33875,3563,3096,8097,3935,3053,6942,5189,45933,43055,2878,33131,18642,16799,1843,5291,4296,3990,1223,1999,1459,17700,26315,17266,33131,5765,4889,1198,153,2.43
192,93967,6148,1646,435,45348,11,409,1074,38896,29571,31672,31313,11373,30285,8914,21371,5906,5892,7349,3984,1404,47038,46929,67864,11803,5035,22032,7305,3788,12905,4996,93667,78046,15621,51183,50907,48550,2357,11306,16853,9487,4247,6657,2205,12284,76065,46290,51183,6877,10089,3243,565,3.09
193,12919,6065,2075,0,521,0,227,221,3810,9060,2313,971,11693,4845,2456,2389,914,896,1027,447,115,6308,6611,8924,542,939,2741,1665,684,1401,952,12871,12252,619,59431,6654,6308,346,1999,1841,1079,852,537,1039,7230,4690,2062,59431,1435,1137,422,42,2.61
